,"gouvernement","nouveau","france","trouver","canada","saint","déclarer","bien","état","rendre","premier","ministre","aller","moi","dernier","foi","montréal","langue","million","rester","dire","étranger","jour","national","elle","cinq","cent","prendre","autre","province","encore","nous","donner","important","américain","affaire","affirmer","cour","chef","devoir","travail","tenir","président","monde","états","unis","avant","anglais","problème","fédéral","temps","notamment","point","grand","général","gaulle","politique","trois","paris","je","ottawa","savoir","lui","homme","vouloir","venir","notre","non","voir","dix","plusieurs","pays","économique","jean","permettre","libéral","jeune","contre","parti","social","francophone","québécois","culturel"
"absolu",1,0,0,1,2,2,1,0,1,1,0,0,0,0,0,1,2,0,0,3,0,1,0,0,3,0,2,1,1,0,1,3,4,1,1,0,1,0,1,2,0,1,1,2,0,1,1,1,0,0,0,0,1,2,0,0,1,4,0,0,0,0,5,2,1,1,1,1,0,1,1,1,0,0,4,6,0,0,7,0,0,0,0
"accès",3,1,0,0,3,0,0,0,2,0,1,3,0,0,0,0,1,2,2,2,1,0,1,2,2,0,0,0,3,1,3,3,1,0,1,1,1,0,1,1,2,1,1,4,1,2,0,3,1,1,2,0,1,0,0,1,2,1,0,0,1,0,1,0,1,1,0,2,0,2,0,0,0,1,2,0,1,0,0,0,2,3,1
"adhésion",4,1,3,0,3,0,1,4,0,0,1,3,1,0,1,0,0,0,1,1,1,0,0,1,4,0,0,2,2,0,1,2,5,1,1,2,1,0,0,3,0,0,0,0,1,0,0,0,1,0,2,2,1,4,2,2,0,0,0,0,1,0,3,1,0,1,1,1,0,0,0,2,3,0,1,1,0,2,2,0,1,0,0
"adversaire",1,2,1,1,0,1,1,6,1,0,5,6,2,0,1,3,0,0,0,2,2,0,0,1,1,1,0,1,0,0,1,2,3,0,0,0,0,0,2,0,1,0,0,0,0,0,0,0,0,0,0,0,0,0,4,3,3,0,0,0,0,2,7,0,0,0,2,1,0,0,2,1,1,1,1,4,0,1,2,0,0,3,0
"allié",3,0,4,0,4,0,0,4,2,0,1,1,3,0,0,1,0,0,0,1,3,2,0,2,3,0,0,2,2,0,1,1,1,1,3,2,1,1,3,3,0,0,2,2,4,4,2,1,0,0,1,1,0,2,4,4,3,0,3,0,2,0,2,1,1,0,4,0,0,0,0,5,3,0,2,1,0,2,2,0,0,0,1
"allusion",4,1,3,1,5,0,2,1,2,0,4,3,0,0,1,1,2,0,0,0,3,0,1,1,1,0,0,0,0,3,1,1,1,0,0,0,1,2,0,2,1,1,2,0,0,0,1,0,2,0,0,0,1,2,4,3,2,0,1,4,1,0,3,0,1,0,3,2,1,0,1,2,1,0,0,0,0,0,0,1,1,5,2
"animateur",1,0,5,2,2,2,0,0,1,0,2,0,0,0,0,0,2,2,0,0,1,0,0,1,2,2,1,2,1,1,1,4,0,0,1,0,0,0,0,1,1,1,1,0,1,0,1,0,0,1,0,4,0,2,3,0,2,1,0,0,0,0,3,1,1,2,1,1,0,0,2,1,1,3,1,0,6,2,0,2,0,5,5
"anti",3,1,3,1,4,0,1,3,0,0,0,0,1,0,0,0,0,2,0,0,1,0,0,0,0,0,0,2,1,0,3,0,1,1,4,1,1,0,0,3,0,0,1,0,2,2,1,4,0,1,0,0,1,0,1,4,2,0,0,1,0,2,1,1,1,0,0,0,0,1,0,1,0,1,2,0,1,4,2,0,1,1,0
"apercevoir",2,2,2,0,0,1,0,3,1,1,1,0,1,0,0,0,2,1,0,0,2,1,0,2,5,0,1,2,3,2,1,2,3,0,0,2,0,1,1,0,0,0,0,1,1,0,1,1,2,0,0,1,0,5,5,2,2,0,0,2,1,0,8,4,1,2,0,1,1,0,0,1,0,0,1,0,1,0,0,0,0,2,0
"appareil",2,1,0,1,7,0,1,1,1,0,1,1,0,2,4,0,3,3,0,2,2,1,0,0,2,2,0,0,4,2,0,2,2,0,3,1,1,0,1,4,0,0,0,0,1,2,0,1,2,4,0,2,0,3,0,0,4,2,1,0,1,1,4,0,1,1,1,0,0,0,1,3,0,0,2,2,0,2,4,0,0,3,0
"architecte",0,0,3,0,1,1,0,0,1,0,3,0,0,0,1,0,2,0,0,1,1,2,0,0,0,0,1,1,2,0,0,0,2,0,3,3,1,0,1,5,0,0,0,0,0,0,0,0,0,0,0,0,0,6,0,0,0,0,0,1,0,0,3,0,1,2,1,1,2,1,1,1,0,2,0,0,5,0,1,0,0,1,0
"architecture",0,2,0,5,1,1,0,1,1,0,1,0,1,0,0,0,3,0,0,1,1,1,0,1,3,0,0,0,4,1,3,0,2,0,6,1,0,0,0,2,0,0,0,4,0,0,0,0,1,0,0,0,2,0,0,0,2,0,1,0,1,2,1,0,1,0,3,1,2,0,1,2,1,0,0,0,3,0,0,0,0,1,0
"armer",3,0,0,1,6,2,0,2,4,0,5,3,1,2,2,0,3,1,0,0,0,0,1,0,1,2,0,1,0,1,0,0,1,0,1,1,0,1,4,2,0,2,1,1,2,1,0,0,0,1,1,0,1,0,4,0,1,1,1,3,1,1,1,0,0,0,1,0,0,2,3,1,1,1,1,1,1,1,0,1,0,0,2
"arracher",1,0,1,0,1,1,0,0,1,0,0,0,2,1,0,0,1,2,2,1,1,0,0,1,5,0,1,3,3,0,2,0,1,2,1,0,2,0,0,0,0,0,1,0,1,2,0,1,0,0,0,0,1,3,0,0,0,1,0,0,1,0,3,2,2,0,0,1,1,1,3,5,2,2,1,0,0,1,1,1,0,1,1
"arrestation",0,2,0,0,1,0,0,0,1,1,1,0,1,2,4,0,7,0,0,1,1,0,3,0,2,1,5,1,2,3,0,1,2,2,0,0,3,0,2,0,0,1,0,0,0,0,1,0,0,0,1,0,0,1,2,0,0,2,1,0,0,1,0,3,0,2,0,0,0,1,1,0,0,0,0,0,4,0,2,0,0,4,0
"arrêt",4,1,2,1,2,1,3,1,1,1,3,3,0,1,0,3,0,0,0,1,3,1,1,0,3,1,1,1,1,1,1,0,0,2,0,1,4,3,1,3,6,3,1,0,3,4,3,0,1,1,2,0,0,2,2,1,4,0,2,0,1,1,0,0,1,1,0,1,0,0,0,1,0,0,3,0,0,2,0,0,0,1,0
"arrière",2,0,2,0,3,0,2,1,0,0,1,3,1,1,2,1,0,2,0,0,1,2,0,2,1,1,1,0,3,0,2,4,0,0,3,2,1,1,2,3,0,1,0,0,0,1,1,3,2,0,2,1,0,3,1,0,2,2,3,1,0,1,0,2,1,1,3,1,0,0,0,3,0,0,1,0,0,0,0,0,1,0,1
"asie",1,0,3,0,7,0,0,0,2,2,1,0,1,0,1,0,3,2,1,0,2,0,0,1,2,1,1,0,2,2,1,2,1,0,0,0,0,2,1,1,0,0,3,5,4,3,1,0,0,0,2,2,1,1,2,0,1,1,0,2,0,0,2,0,0,2,1,0,3,0,0,6,0,0,2,0,1,0,0,0,3,0,2
"audience",2,1,3,1,2,1,0,2,2,2,2,6,2,0,0,0,0,1,0,1,1,1,1,1,0,0,1,0,1,0,2,2,4,0,0,0,0,1,2,4,1,0,2,1,1,0,0,2,0,0,2,1,1,1,6,6,0,2,0,0,0,1,4,2,0,3,0,0,0,0,1,1,2,1,1,2,1,0,2,2,1,2,0
"auparavant",4,1,3,2,8,0,3,0,2,0,4,4,1,0,2,2,2,2,0,1,4,1,3,3,2,0,2,1,1,4,0,3,1,0,0,0,2,1,1,2,1,1,1,0,1,1,2,0,2,2,1,1,0,2,5,1,0,3,2,2,3,0,1,0,0,0,4,0,1,1,0,2,0,0,1,1,0,2,0,0,2,1,2
"autrement",2,2,5,2,6,0,1,4,0,1,0,0,3,0,0,3,1,0,0,0,11,1,0,0,1,0,0,2,1,0,1,2,0,1,3,0,1,1,2,0,0,1,0,3,0,2,1,3,0,0,1,0,0,3,3,2,2,0,2,2,5,0,1,1,1,4,2,1,3,0,0,0,2,2,0,0,0,0,0,1,0,1,0
"bientôt",2,3,2,0,4,2,1,1,2,1,2,3,8,1,0,0,0,0,1,0,1,1,0,4,2,1,2,1,3,0,0,5,5,1,0,1,0,1,2,3,0,0,0,0,0,1,3,0,0,0,0,0,0,0,3,1,1,0,0,1,1,0,2,1,2,2,1,0,2,5,2,1,1,2,0,0,0,0,1,0,0,0,1
"blé",3,0,0,0,9,3,0,1,0,0,2,0,4,1,3,0,2,0,4,0,4,2,1,0,1,1,0,2,1,3,1,4,0,0,1,0,0,2,0,4,1,1,0,1,5,4,1,0,2,2,1,2,0,2,0,0,0,1,0,0,2,0,1,0,2,4,3,0,0,1,0,4,1,0,1,1,0,0,1,1,0,1,0
"carrière",0,2,2,0,3,0,0,1,1,1,3,2,0,0,1,0,1,0,1,1,0,1,0,0,5,0,0,1,2,0,4,2,1,1,0,2,1,1,0,2,0,0,0,0,1,1,1,0,0,0,1,1,0,3,2,0,7,3,1,0,1,0,0,3,0,2,0,2,1,1,2,2,0,0,1,1,2,0,2,0,2,1,0
"célèbre",2,0,1,2,5,0,0,3,0,2,0,1,0,2,2,0,2,2,0,0,0,0,1,2,2,1,2,0,2,1,1,1,1,1,2,0,0,1,0,2,1,1,2,0,0,0,1,2,1,0,2,1,1,2,4,3,1,0,1,2,2,2,4,4,1,1,0,1,1,0,0,4,0,0,0,0,0,0,1,0,0,0,0
"cérémonie",2,2,2,1,6,3,0,1,1,3,4,1,0,1,1,2,2,1,0,0,0,1,3,2,0,0,0,0,2,1,0,0,1,0,0,1,0,2,1,2,0,0,2,0,1,1,3,1,0,3,0,1,0,0,6,2,1,0,1,0,4,0,2,0,0,0,2,0,0,0,1,0,0,1,1,0,1,0,0,0,0,1,0
"champ",2,1,0,0,0,0,0,0,0,0,4,1,0,0,1,0,0,3,0,0,0,0,1,0,4,0,0,0,0,2,2,2,1,0,0,0,0,2,0,1,0,2,0,1,0,0,0,0,1,1,3,0,0,3,1,0,2,1,0,0,0,0,1,0,0,2,3,0,0,0,1,3,1,0,2,0,2,0,0,0,0,0,1
"chapitre",0,1,1,1,4,0,1,2,0,0,3,0,0,0,2,1,0,2,0,2,0,2,3,3,0,2,0,3,3,2,2,5,1,0,2,1,1,1,1,2,1,0,1,1,0,1,0,0,0,1,2,1,0,1,4,2,2,3,0,1,1,2,3,0,0,0,0,0,1,0,2,0,1,1,2,0,0,0,2,1,1,0,1
"château",0,0,1,0,2,3,0,3,0,4,3,1,1,0,2,1,1,1,1,0,1,0,2,4,0,4,5,2,2,1,1,4,0,0,1,0,0,3,0,3,0,1,1,1,0,0,0,0,0,0,0,0,0,4,3,1,1,2,2,0,0,1,4,1,0,1,1,0,0,0,1,1,0,2,0,1,3,0,1,0,1,0,1
"collaborateur",0,0,3,0,1,1,0,1,1,0,3,5,0,1,0,0,0,1,0,1,1,2,0,2,2,1,1,1,4,0,0,0,0,0,1,2,0,0,0,3,0,1,1,1,0,1,1,0,2,0,1,0,2,3,2,2,2,2,2,1,1,0,0,1,0,0,5,0,0,1,3,2,2,1,0,1,0,1,1,0,0,1,2
"colonial",0,3,4,0,0,1,1,1,0,0,1,0,1,0,0,1,1,5,1,2,0,0,0,1,3,0,1,0,1,1,1,2,1,0,1,0,1,0,0,3,0,1,1,1,0,1,0,3,0,1,1,0,1,0,2,1,2,0,1,2,0,0,2,3,2,1,2,2,1,2,0,4,1,0,0,0,2,1,0,1,2,3,2
"combattre",4,0,2,1,3,0,2,1,0,0,3,2,1,0,1,0,1,0,0,1,4,1,1,1,0,0,0,2,5,2,1,8,1,0,3,0,2,0,1,2,0,1,0,3,0,0,0,4,0,0,0,0,1,0,2,1,4,0,0,0,4,0,3,3,0,1,2,2,0,0,1,3,2,0,0,1,0,3,1,0,0,1,0
"combien",1,3,6,1,4,0,1,0,1,1,2,4,0,2,3,0,0,0,2,2,5,1,3,0,3,2,2,0,2,2,5,5,1,0,1,0,0,1,0,3,0,1,1,1,0,0,0,1,3,0,8,2,1,1,2,1,1,2,2,2,1,4,8,4,1,1,1,0,2,2,0,2,0,0,0,0,2,1,0,0,3,2,2
"concile",2,2,0,1,1,0,2,0,0,1,1,0,1,1,1,1,0,0,0,0,5,0,0,0,2,0,0,1,1,0,1,3,0,1,0,0,1,0,1,2,1,1,1,2,0,0,0,0,1,0,2,1,1,3,1,0,0,1,0,1,0,0,3,1,1,2,0,1,1,1,2,1,0,2,1,0,1,1,0,2,0,0,0
"congo",5,2,1,1,0,0,2,1,1,1,3,3,0,1,1,0,0,0,0,1,2,1,0,1,1,0,0,0,0,0,0,2,0,0,1,1,0,0,2,2,1,1,4,0,3,0,0,0,2,3,0,1,0,0,4,0,0,0,1,0,0,0,0,0,0,0,1,1,0,1,0,4,0,0,0,0,0,2,0,0,3,0,2
"conquérir",0,1,0,0,6,0,1,3,0,1,1,0,0,0,2,0,0,2,2,0,1,0,0,3,2,1,1,2,1,1,1,2,0,1,4,0,0,1,0,3,1,0,0,0,1,2,1,1,0,1,1,1,1,4,0,0,1,0,1,1,2,4,4,2,2,1,1,2,1,0,0,3,1,1,2,2,3,1,3,1,0,2,0
"conquête",0,1,3,0,5,0,1,2,1,0,4,0,0,0,0,0,0,0,0,2,1,0,0,0,1,0,1,0,3,2,4,1,0,1,4,1,0,0,0,2,0,1,0,0,4,4,2,3,0,0,0,0,0,3,0,0,0,1,2,0,0,0,4,2,1,0,1,0,0,0,0,3,0,1,2,0,0,0,0,0,0,0,1
"contexte",1,1,1,1,2,1,0,2,0,2,2,2,2,1,3,2,1,0,0,0,3,2,1,4,5,0,0,1,2,1,3,3,0,1,0,0,1,0,0,3,1,1,0,2,0,0,0,1,0,1,1,1,0,1,3,2,6,0,1,6,0,1,4,0,1,0,1,3,0,0,1,0,4,2,1,1,2,2,1,2,0,1,1
"contradiction",4,1,4,2,2,0,0,4,0,0,1,0,0,1,0,2,0,0,0,0,2,3,1,2,3,1,0,0,1,1,1,1,0,1,2,1,0,1,0,3,0,0,0,1,1,1,0,0,0,2,0,0,1,2,3,2,7,1,0,1,0,0,4,0,1,2,0,1,0,1,0,2,3,1,1,0,0,1,0,3,0,3,0
"convention",1,2,2,1,1,1,0,1,1,1,1,1,1,1,1,0,0,0,1,0,1,1,0,0,0,0,1,1,0,2,2,0,3,0,0,2,0,1,1,2,1,2,2,0,2,1,1,0,2,0,0,1,2,0,2,0,1,2,1,0,0,0,4,1,1,0,0,2,1,0,0,0,1,0,0,1,1,0,2,2,0,2,0
"coopératif",7,2,0,0,3,1,0,1,1,0,2,3,0,1,1,0,0,0,0,3,3,0,1,0,0,2,0,0,3,4,1,2,1,0,0,0,1,0,0,1,0,0,0,0,0,0,0,0,1,3,0,0,1,3,1,0,2,1,0,1,6,0,1,1,1,1,0,1,0,0,2,3,2,2,1,4,1,1,2,1,0,2,0
"couper",1,3,4,1,7,2,0,2,0,0,1,1,0,1,1,1,2,1,2,1,0,0,0,0,4,1,0,1,1,1,2,1,1,1,3,0,0,0,1,0,1,0,0,6,0,1,1,1,1,0,0,1,0,0,1,1,0,0,0,0,1,1,3,1,1,0,1,0,2,0,1,2,1,2,0,0,1,0,0,0,1,3,0
"couronne",4,0,2,1,5,0,0,2,2,1,0,1,2,0,0,2,2,1,1,0,0,1,1,0,3,0,0,0,1,0,2,1,1,0,2,1,1,0,2,3,0,0,2,2,4,4,0,3,0,1,2,1,0,4,4,1,1,2,1,0,1,0,4,1,1,0,3,1,1,2,1,3,0,0,0,0,0,0,0,0,1,0,0
"coûter",1,0,4,1,6,1,0,3,1,0,4,1,2,0,0,0,3,0,12,0,0,0,4,0,3,1,2,0,0,3,0,4,1,1,2,1,1,2,0,3,1,0,0,0,1,1,1,0,0,1,0,0,0,3,1,1,0,1,1,0,1,1,4,0,2,0,2,0,0,0,1,2,0,1,1,1,0,0,0,0,0,0,0
"critiquer",6,0,1,0,4,0,2,3,3,1,5,3,0,0,0,2,1,0,0,0,2,1,1,2,2,0,0,1,1,3,1,2,2,0,2,0,1,0,3,3,0,0,3,1,1,2,0,2,0,4,0,1,2,2,3,2,6,1,0,1,0,0,2,1,1,0,3,0,0,0,2,2,1,2,1,3,1,0,4,0,2,4,0
"défaite",2,0,6,0,3,0,2,1,0,0,1,0,1,0,2,0,0,0,0,0,1,0,1,3,1,0,0,3,0,0,3,1,1,2,1,0,1,0,1,1,0,0,0,0,1,1,0,2,1,2,0,0,1,1,1,0,3,1,0,0,0,1,3,1,0,0,0,0,0,0,0,0,0,1,1,5,0,1,7,0,1,1,0
"déficit",5,1,2,0,1,0,2,1,1,0,0,1,0,0,1,0,1,0,9,0,2,1,0,1,3,0,0,0,5,3,0,0,1,0,5,0,0,2,0,3,2,1,0,3,5,9,0,0,0,2,0,0,1,1,0,0,1,0,0,1,2,1,2,0,0,0,1,1,0,2,1,7,2,0,4,0,0,1,0,2,0,0,0
"définitivement",0,2,1,1,1,0,4,1,3,0,2,4,2,2,4,1,1,1,0,1,1,2,1,2,3,0,0,1,3,1,4,2,1,0,1,0,0,3,2,4,0,0,2,3,1,3,1,0,3,0,0,1,2,1,3,0,2,2,0,1,0,1,1,0,2,1,3,0,1,0,0,2,0,0,1,1,1,1,2,0,0,3,0
"déléguer",8,1,3,0,4,0,1,2,3,0,5,12,1,0,0,0,3,1,0,0,0,3,1,1,2,3,11,3,4,5,1,3,2,2,2,2,2,2,1,1,3,2,4,0,1,1,0,0,0,2,0,1,1,1,5,1,1,3,2,2,2,1,0,0,2,3,1,2,0,1,0,4,0,4,2,0,0,1,0,0,0,3,0
"dépôt",3,3,4,1,3,2,0,0,0,1,2,0,3,0,0,0,2,2,3,0,3,2,1,3,2,1,1,3,2,2,0,1,0,0,2,0,1,0,0,4,0,0,0,1,0,0,0,1,1,2,0,1,2,2,0,0,2,3,3,0,0,1,2,0,0,1,0,1,0,0,1,1,0,0,3,0,1,0,0,0,0,4,0
"députer",5,1,1,0,1,0,3,0,1,0,1,8,2,0,0,1,3,1,0,1,0,0,1,9,0,2,0,0,3,0,1,0,2,2,0,1,0,0,2,2,0,0,2,0,0,0,1,1,0,2,1,0,0,0,5,0,3,3,6,0,3,0,1,2,0,2,0,0,0,1,0,1,3,5,0,3,1,0,5,1,0,0,0
"détente",0,5,3,0,0,2,1,4,1,0,1,0,0,0,0,1,0,0,0,0,1,0,1,1,1,0,0,1,5,0,1,3,1,0,0,1,0,1,0,3,0,0,1,3,0,0,1,0,3,0,2,2,0,5,5,3,7,0,1,0,1,0,1,0,1,0,4,2,3,0,1,4,0,0,2,0,0,1,0,0,0,0,0
"diffuser",2,2,4,0,3,0,1,3,1,1,1,1,0,2,3,0,2,3,0,2,1,3,0,0,5,0,0,2,1,3,0,1,2,0,2,1,0,1,2,6,0,0,1,1,1,1,0,2,2,0,0,0,1,1,6,5,0,0,1,0,1,2,2,0,0,3,1,0,2,1,2,5,0,1,1,0,0,0,1,0,0,1,0
"dîner",2,1,5,1,6,1,2,2,3,3,8,10,1,0,0,0,1,1,0,0,0,1,0,2,0,1,3,2,1,1,1,2,2,0,0,2,1,4,4,3,1,0,4,0,1,1,2,0,0,0,1,1,0,3,15,10,0,1,1,0,1,0,2,0,0,0,1,0,0,0,1,0,0,1,0,0,0,1,0,0,0,1,1
"diplôme",1,2,2,0,3,0,0,0,4,4,3,4,3,1,1,0,2,2,0,0,0,2,0,3,0,1,0,1,4,1,1,0,0,1,2,3,1,2,1,4,2,0,0,0,0,0,1,1,4,0,1,0,5,2,0,0,0,1,1,1,2,1,0,0,1,2,0,0,1,0,0,1,2,0,1,0,0,0,0,4,0,4,2
"distinct",0,2,2,2,8,0,1,2,2,1,3,2,1,1,0,0,0,4,0,2,0,1,1,4,2,0,1,2,4,3,1,5,2,0,0,0,0,3,0,1,0,3,1,1,1,2,0,2,2,1,0,0,0,1,2,2,5,5,0,0,1,2,2,0,0,0,3,0,0,0,0,1,3,0,1,1,1,0,4,0,2,2,2
"divergence",3,1,4,0,3,0,2,1,2,1,2,2,1,1,1,1,0,0,0,1,1,2,1,0,1,0,0,0,6,2,1,0,2,1,0,0,2,1,0,2,0,1,1,0,0,1,1,1,4,0,0,5,3,0,2,2,8,0,0,1,3,0,1,0,1,1,2,0,3,0,0,4,1,0,1,0,0,0,2,1,1,1,0
"division",1,1,1,0,3,0,0,0,0,0,1,7,1,0,0,0,1,1,1,0,1,1,0,0,2,1,3,0,1,0,1,0,1,0,2,2,3,0,2,1,0,0,1,2,2,1,1,0,1,0,2,0,0,3,8,1,2,3,0,1,0,1,0,1,0,0,1,1,0,1,0,2,1,1,1,1,0,1,1,0,1,0,1
"docteur",0,0,0,0,3,0,0,0,2,3,2,5,1,0,3,0,4,0,0,0,2,0,0,4,0,0,0,1,3,0,0,1,1,0,0,1,0,2,2,1,1,3,3,0,0,0,1,0,0,0,1,0,0,0,2,1,0,1,2,4,2,0,0,1,1,3,0,0,1,1,0,0,3,1,0,0,1,1,0,1,0,1,0
"dur",1,2,1,2,1,0,0,1,1,2,5,3,1,2,1,0,0,0,0,0,0,2,0,0,4,0,1,1,1,2,1,1,1,0,0,0,1,0,2,1,0,1,2,2,0,0,0,0,0,1,2,1,0,4,1,1,0,0,2,1,0,1,2,2,0,0,0,2,1,1,1,0,0,0,0,1,1,4,1,0,0,1,0
"durée",1,6,2,0,0,0,0,0,0,1,1,1,1,3,1,0,1,0,0,0,1,0,1,2,2,5,1,2,3,1,0,0,2,1,0,0,0,1,0,3,2,0,0,0,0,0,0,0,0,0,0,0,2,0,2,1,0,5,1,0,1,1,3,1,1,1,0,2,1,1,0,2,0,0,0,0,1,0,0,0,0,3,2
"dynamisme",3,9,3,1,1,0,1,2,0,4,0,0,0,0,0,0,1,1,1,0,2,2,1,0,6,0,0,3,5,1,2,1,0,1,3,1,1,1,1,4,0,1,0,2,2,3,0,0,1,1,2,0,0,3,0,0,1,0,0,0,6,0,2,1,1,0,5,2,2,0,1,4,1,0,1,1,2,0,1,0,1,1,0
"éclater",1,2,2,1,1,1,0,0,1,0,1,0,2,3,1,2,3,0,0,0,2,0,1,1,0,1,0,2,2,2,0,1,1,1,0,1,1,1,1,1,0,0,0,3,0,1,0,2,0,1,0,0,1,1,2,0,2,0,0,3,1,2,3,2,0,2,0,0,1,0,2,4,1,0,0,0,2,0,1,1,0,1,0
"écraser",1,1,2,0,0,0,1,1,1,0,1,0,0,2,0,1,0,0,1,0,5,2,0,0,6,1,3,2,1,0,0,3,2,0,2,0,2,1,0,1,0,1,2,2,1,1,3,1,0,0,0,1,1,2,1,0,2,1,0,3,0,0,4,3,1,0,0,0,2,1,0,2,1,0,0,0,1,0,0,0,1,0,1
"effectif",4,2,2,0,1,0,0,0,1,0,5,2,0,3,0,1,0,3,3,0,0,3,0,4,0,0,3,0,3,2,1,2,2,1,0,1,1,1,0,1,0,2,2,0,2,1,0,0,1,0,0,1,0,1,0,0,2,1,1,0,2,0,3,1,2,0,2,1,0,2,0,2,1,0,2,2,1,0,0,0,3,0,0
"eglise",0,3,0,3,1,2,0,2,1,1,4,1,2,2,1,2,0,0,0,0,6,0,1,0,4,0,0,2,0,0,2,1,0,1,0,0,0,0,0,2,2,1,0,3,0,0,0,0,1,0,0,1,2,4,0,0,0,0,0,1,0,2,2,2,1,3,1,1,1,1,1,1,0,0,1,0,2,0,1,1,0,0,0
"eisenhower",2,2,2,0,0,2,0,2,3,2,1,0,3,1,0,0,0,0,0,1,0,1,2,1,1,1,0,2,0,0,2,0,0,1,2,0,0,1,3,3,0,2,24,1,7,7,1,0,1,1,2,2,1,2,8,6,2,0,2,0,0,0,1,1,0,2,0,0,1,0,0,1,0,0,0,0,0,1,0,0,0,0,0
"élargir",6,3,2,2,2,0,1,2,2,0,1,5,0,2,1,0,0,0,1,0,2,2,1,2,6,0,0,0,3,1,1,4,3,1,0,2,0,1,2,5,0,2,1,2,0,1,0,1,0,3,2,0,1,3,2,1,1,0,1,3,3,0,3,2,0,4,4,3,0,1,0,9,3,0,2,1,2,1,0,0,2,0,3
"éloigner",2,2,1,1,0,1,0,3,0,0,1,1,1,1,4,0,1,1,0,3,2,1,0,0,3,0,0,2,4,3,1,1,0,0,2,1,2,2,2,3,0,1,0,1,0,1,0,2,2,2,2,0,3,2,2,1,2,1,0,1,1,0,3,1,1,0,1,1,1,0,1,1,0,1,0,0,2,0,1,0,0,4,0
"émotion",2,3,6,1,5,1,0,1,1,0,4,4,0,1,0,2,2,1,0,0,3,1,0,0,3,0,0,2,3,3,0,1,0,0,0,1,1,0,2,2,0,1,1,0,0,0,0,2,1,0,0,1,0,2,8,7,2,0,0,4,0,1,5,2,0,0,1,1,2,0,0,2,0,2,0,0,1,1,0,1,0,1,0
"employé",3,1,0,0,0,4,0,1,1,0,1,0,0,0,0,1,5,0,0,1,2,0,1,1,2,0,8,1,2,3,1,1,0,5,2,0,0,0,2,2,5,0,1,0,0,0,0,1,0,0,0,0,0,5,1,0,0,6,0,1,1,1,2,1,0,4,0,2,0,3,1,0,0,0,0,2,2,1,0,0,1,0,0
"engagement",4,2,2,2,10,0,1,1,2,1,2,3,0,0,2,0,0,1,0,0,4,2,1,2,2,0,0,8,2,0,1,3,2,1,1,0,1,2,0,1,0,8,0,2,1,0,0,0,0,0,1,1,1,0,2,0,2,1,0,3,2,1,5,4,6,1,4,3,2,1,0,4,0,1,0,0,1,0,0,1,0,0,0
"enrichir",1,2,4,1,2,0,0,2,1,0,2,0,1,0,1,1,0,3,0,0,1,2,0,0,2,0,0,1,6,0,0,1,1,1,1,0,1,2,0,5,0,1,0,1,0,1,0,1,0,0,2,2,1,1,0,0,4,1,0,0,0,1,3,2,0,0,3,2,0,0,0,2,2,0,0,0,0,0,0,0,0,1,1
"enseigner",2,1,6,1,1,1,0,4,0,2,1,0,0,2,2,0,0,7,0,0,0,4,0,0,4,3,0,2,5,1,1,3,1,1,1,0,0,1,0,4,1,1,0,3,0,0,0,6,0,0,2,0,1,1,1,1,0,2,0,1,0,2,0,1,1,1,5,1,0,2,1,1,1,0,2,1,1,0,0,0,2,1,2
"entourer",0,2,5,0,3,0,0,1,1,0,2,2,1,2,2,1,0,1,2,0,3,1,0,1,3,2,1,0,1,1,2,5,0,0,4,0,2,1,0,1,1,1,3,2,0,0,1,2,0,0,0,0,2,4,3,2,2,1,4,4,2,3,5,3,0,2,1,1,3,2,0,0,0,1,0,0,0,0,0,0,3,2,0
"envoi",2,1,8,0,2,3,1,2,1,0,1,3,0,1,1,0,0,2,2,0,0,2,0,3,1,0,0,2,1,1,2,3,2,2,2,0,0,2,2,1,0,0,3,1,1,1,0,2,0,1,0,3,0,3,2,0,3,1,1,0,0,1,2,1,1,0,1,0,0,2,0,3,0,0,2,0,2,0,1,0,0,4,1
"espagne",1,1,10,0,2,0,0,1,1,1,0,2,2,1,1,3,0,0,0,1,2,2,0,0,2,0,2,0,2,4,0,1,0,3,1,4,0,2,2,2,0,0,1,1,1,3,0,0,0,0,1,0,0,1,2,1,3,1,0,0,0,1,1,2,0,0,2,1,3,1,0,6,1,0,1,0,1,0,0,1,0,0,1
"espagnol",3,2,2,0,0,0,0,0,0,0,1,3,0,0,0,0,0,3,0,2,1,0,1,3,2,0,0,1,3,1,0,5,1,0,3,0,1,0,0,1,0,2,1,1,2,1,0,1,0,0,1,0,1,3,3,0,0,1,0,1,0,1,0,1,1,2,4,1,0,0,0,3,1,0,0,1,0,1,0,0,0,0,1
"étage",1,0,2,0,2,1,0,0,0,1,7,0,0,1,0,0,0,0,0,0,1,0,0,0,2,4,3,0,2,0,0,0,0,0,2,0,2,0,0,4,0,1,0,0,0,0,0,1,0,0,0,0,0,2,1,0,0,5,0,0,1,0,1,0,0,1,0,0,0,2,1,3,1,1,0,1,1,0,2,0,0,0,1
"évaluer",3,1,1,1,2,2,0,3,1,0,0,0,0,0,2,0,1,0,9,1,0,1,4,3,1,1,1,2,3,1,3,0,0,1,1,0,0,0,0,2,0,2,0,1,1,1,1,0,0,3,0,0,1,0,1,1,2,1,0,0,2,2,0,1,0,0,0,2,0,3,0,0,0,0,1,0,0,0,1,0,0,3,0
"évidence",5,1,2,0,3,0,1,2,2,0,5,2,1,1,0,3,0,0,0,0,5,0,1,0,5,0,0,0,1,2,1,2,4,2,0,2,2,0,3,1,1,0,0,0,0,0,0,2,2,2,2,0,0,3,3,2,4,2,0,5,1,2,3,0,2,1,2,4,1,1,0,4,2,0,2,1,0,0,2,1,0,2,1
"exception",1,3,1,0,4,1,0,4,2,0,1,1,3,2,1,1,1,2,0,1,2,0,1,2,0,1,2,0,2,0,0,0,1,1,1,2,0,0,0,4,1,0,2,3,0,0,1,1,0,0,0,0,0,3,2,1,1,2,1,0,0,1,2,0,1,2,0,0,0,2,2,3,3,0,2,1,1,0,1,0,0,1,1
"exclusif",9,4,3,0,3,1,2,1,0,0,1,1,0,0,1,3,0,2,0,2,0,2,1,1,5,1,0,0,2,8,0,2,2,1,1,2,3,1,0,6,2,1,0,1,0,1,2,2,3,5,2,2,0,1,0,0,2,0,2,1,7,3,0,0,0,0,3,0,1,3,0,3,0,1,0,0,0,0,0,1,1,1,3
"explosion",1,4,1,1,2,0,0,0,0,0,5,1,1,1,4,1,7,1,1,1,2,0,0,1,1,1,1,1,2,0,2,1,0,2,1,1,0,0,0,0,0,0,1,4,0,1,3,1,0,0,0,0,1,1,1,0,1,0,0,0,0,0,1,0,0,1,0,1,1,2,0,0,0,1,0,0,0,0,0,0,0,1,0
"expo",1,0,2,2,4,2,0,0,0,1,1,2,1,3,2,2,5,1,5,0,2,0,1,2,2,1,0,2,2,3,2,1,1,0,2,0,1,0,0,3,0,2,1,1,0,0,0,2,2,2,1,0,2,2,2,1,0,2,0,1,1,3,2,2,1,2,1,1,0,2,1,0,0,2,0,0,1,0,0,0,0,0,0
"extrême",0,1,0,0,4,0,0,3,1,1,3,1,1,1,3,3,0,1,0,0,1,1,1,2,4,1,1,4,7,0,0,1,1,0,0,0,1,0,1,1,0,1,0,1,1,1,0,0,2,0,2,1,0,1,2,1,1,1,0,2,0,0,4,1,1,0,1,0,0,2,0,1,1,4,0,2,1,2,7,1,0,0,0
"extrêmement",3,0,1,2,1,0,3,2,2,1,2,2,2,2,3,1,0,1,0,0,3,1,0,1,3,1,0,3,0,1,2,1,2,0,3,1,0,0,2,6,1,0,2,1,2,2,1,0,1,0,1,2,1,1,2,1,1,0,1,1,1,2,2,2,2,1,3,1,1,0,0,5,1,0,2,0,1,1,1,1,2,1,0
"fameux",0,0,0,3,3,0,0,2,2,0,1,0,0,1,1,0,3,3,0,0,3,0,1,1,2,1,0,1,0,1,2,1,1,0,3,2,1,0,1,0,0,0,0,3,1,0,1,3,0,0,1,0,1,1,3,2,1,1,0,5,0,1,3,3,1,1,3,0,5,0,0,2,0,0,1,0,1,1,1,0,0,2,0
"fermer",1,0,2,1,2,1,0,1,0,0,0,0,1,1,0,1,3,1,0,2,0,0,0,0,2,0,1,1,5,0,1,2,0,0,0,0,0,0,0,2,2,0,0,3,3,3,1,0,1,2,0,3,0,1,2,0,0,3,0,1,1,0,4,0,0,1,0,2,0,1,0,1,2,1,0,0,0,0,0,0,0,2,1
"fête",0,1,1,0,2,6,0,0,1,1,2,2,2,0,1,0,4,1,0,0,3,0,1,6,2,1,2,1,1,0,3,0,0,0,0,1,0,2,0,2,0,0,1,1,0,0,3,0,0,0,0,0,1,6,8,5,0,2,3,1,1,1,2,1,1,0,0,0,1,3,0,1,0,4,1,0,2,1,0,1,1,1,2
"final",4,2,3,0,3,0,2,3,0,0,3,2,1,0,0,0,0,2,0,1,5,2,1,0,1,0,0,1,5,1,1,0,2,1,2,2,1,1,1,4,2,0,2,3,3,4,1,2,2,1,1,0,4,0,0,1,2,2,0,0,0,0,2,1,0,1,1,2,0,0,0,1,2,1,0,0,0,0,0,0,1,0,0
"fonctionnement",2,1,5,0,0,1,0,1,2,1,1,3,1,1,3,1,1,0,3,2,4,1,2,2,1,1,1,0,1,0,1,1,2,3,1,0,1,2,0,2,1,0,0,1,0,1,0,0,3,0,0,1,1,1,1,2,2,1,0,1,0,0,2,0,1,2,2,0,1,0,0,2,1,1,2,0,1,0,1,2,0,4,1
"gabon",15,3,4,0,10,0,1,1,1,2,4,14,1,5,5,0,0,0,0,1,1,0,1,3,0,0,0,3,0,0,2,3,1,0,0,2,2,0,0,0,0,1,2,1,2,0,1,0,2,8,0,1,0,0,1,0,0,0,5,1,11,3,0,0,2,0,1,1,1,0,1,8,1,1,0,0,0,0,0,0,5,6,1
"garantie",6,1,0,0,2,0,0,2,0,1,2,1,0,0,2,1,0,4,0,0,1,0,1,3,4,2,0,1,2,6,1,2,0,1,1,0,1,0,1,4,0,1,0,0,0,0,1,3,1,4,0,3,1,2,2,2,6,1,0,1,0,1,5,1,0,0,0,1,2,0,0,3,0,1,0,0,1,2,0,1,1,1,2
"genève",3,4,5,1,2,0,3,0,0,1,2,5,0,0,0,0,0,1,0,1,3,5,0,0,3,2,1,1,0,0,2,0,0,3,1,4,0,0,1,2,1,1,4,1,1,1,1,0,1,0,0,1,0,3,5,3,1,0,3,0,1,0,2,0,0,0,2,0,1,1,0,1,1,0,0,0,0,1,0,1,1,0,0
"gisement",2,4,2,0,3,2,1,3,0,1,0,2,3,1,1,1,1,0,2,1,2,0,1,1,4,0,1,1,1,6,1,3,0,7,1,1,1,1,0,1,0,0,0,2,1,1,2,0,1,2,1,0,1,3,2,1,1,1,1,0,1,1,0,0,0,0,1,1,0,1,1,1,0,1,0,0,0,1,0,0,0,0,0
"gorse",2,0,1,0,2,0,4,1,2,2,2,17,0,0,0,0,1,0,0,0,2,3,0,1,3,0,0,1,1,0,0,0,10,1,0,5,0,0,1,2,0,2,1,0,0,0,1,0,0,0,0,2,0,0,10,9,2,0,2,4,0,1,2,0,0,0,0,2,1,0,1,1,2,0,0,0,0,1,0,2,0,1,1
"grandeur",0,2,11,1,2,0,1,3,0,0,1,0,1,1,1,4,0,0,0,2,5,0,1,0,3,0,0,0,1,0,3,3,4,0,1,0,0,0,2,3,0,0,0,2,2,2,1,0,0,0,3,0,0,4,4,4,1,0,0,3,0,2,5,1,2,1,2,3,1,1,0,3,0,0,1,0,1,0,0,0,0,0,0
"habiter",0,1,3,0,6,3,0,1,0,1,2,0,0,1,1,2,3,0,1,0,2,3,1,3,2,0,0,1,3,3,2,3,0,1,0,0,0,0,1,1,0,1,0,3,2,3,0,2,1,0,0,0,0,2,1,0,1,3,2,1,0,0,2,0,1,2,0,3,2,1,1,3,1,2,0,0,0,0,0,1,2,2,0
"hégémonie",2,2,11,2,1,0,0,1,1,1,2,1,1,1,1,1,0,0,0,0,2,2,0,3,6,1,0,0,5,1,4,4,0,0,11,1,1,0,1,1,0,2,0,5,2,2,1,2,0,1,0,1,0,5,6,6,7,0,0,0,0,1,1,0,1,0,1,1,2,2,0,2,1,0,2,0,1,4,1,0,1,0,0
"historien",0,1,0,1,2,0,0,0,0,0,2,0,2,0,1,0,1,2,0,0,1,0,1,1,1,1,1,3,3,1,1,0,1,1,4,0,1,0,0,1,1,2,0,0,0,0,2,4,2,0,0,0,0,4,1,1,0,0,2,1,0,2,1,0,2,0,1,1,3,0,0,4,1,1,0,0,1,1,0,0,0,1,0
"hommage",1,0,5,1,5,3,0,3,2,29,5,3,1,1,5,2,0,1,0,1,1,0,1,0,1,0,1,0,1,1,0,2,1,0,0,1,0,2,4,0,1,1,5,1,0,0,0,0,0,1,0,0,1,0,5,4,1,1,2,2,1,1,1,2,1,3,1,0,0,0,0,3,0,2,1,0,2,0,1,0,0,1,0
"hôpital",2,1,0,0,1,3,1,2,1,1,4,0,1,1,0,2,1,0,1,1,0,0,3,1,3,2,5,1,3,7,0,0,0,2,0,0,0,1,1,3,1,1,0,0,0,0,0,1,3,0,0,2,0,2,1,0,0,3,1,0,1,0,0,0,0,2,1,4,0,3,2,1,0,2,2,0,2,1,1,1,0,2,1
"hostile",6,0,1,0,5,0,0,1,1,0,1,1,1,0,4,0,1,2,1,1,1,1,0,0,3,0,0,1,6,4,0,3,0,0,1,0,1,0,1,1,0,1,2,1,1,2,1,1,0,1,0,2,1,2,5,2,3,0,0,1,1,1,5,1,0,1,2,1,1,0,1,4,1,0,1,1,0,1,1,2,2,0,1
"hostilité",6,4,3,1,3,0,5,3,0,1,0,1,1,0,1,2,0,0,0,1,1,0,0,0,2,0,0,0,1,0,2,1,0,1,1,1,0,0,1,2,0,1,2,2,1,1,5,1,0,2,0,0,1,4,1,1,2,3,0,1,2,1,0,0,0,0,1,0,0,0,0,4,0,0,1,3,1,2,1,0,0,1,0
"hydro",4,5,3,0,4,4,0,1,0,0,1,1,0,0,1,0,2,0,2,0,0,0,0,0,1,0,0,0,1,8,1,0,0,5,1,1,0,3,0,0,3,0,0,4,0,0,0,0,0,0,0,1,0,0,1,0,3,0,0,0,0,0,1,0,0,1,0,0,1,0,1,0,1,0,1,1,1,1,0,0,1,3,0
"hypothèse",0,2,2,0,2,0,1,7,2,0,4,4,1,1,2,0,1,1,1,2,1,1,0,0,2,0,1,1,3,2,0,2,0,0,1,0,0,0,0,3,1,1,0,1,1,0,0,1,1,0,1,1,2,0,3,1,2,1,0,0,1,0,1,1,2,2,0,3,1,1,1,1,0,0,1,0,1,0,0,0,2,0,0
"idéal",2,2,1,1,6,0,3,3,1,1,1,2,1,0,1,2,0,1,0,0,4,1,1,1,1,0,0,2,5,1,1,3,0,0,2,0,0,0,0,3,0,0,1,5,1,1,0,2,0,2,0,0,0,4,0,0,3,1,0,2,0,0,3,1,0,1,2,2,0,0,2,3,0,0,1,0,1,2,2,0,2,2,0
"immigrant",6,3,1,0,9,0,1,1,0,0,3,1,1,1,2,1,3,3,3,1,0,1,0,1,1,2,2,3,3,5,1,0,0,0,2,0,1,1,0,2,0,0,0,0,1,1,0,6,0,3,0,0,0,0,1,0,0,1,1,0,0,0,0,0,0,3,0,1,1,3,1,4,0,0,1,0,0,2,0,1,5,3,0
"implantation",2,6,2,0,4,0,2,2,0,0,1,2,3,1,4,1,0,2,0,0,0,1,0,0,3,0,0,0,1,5,1,1,1,2,1,0,0,4,0,4,0,1,0,0,1,3,0,0,0,0,0,3,1,2,0,0,2,1,0,0,1,0,2,0,1,2,1,0,0,0,3,1,0,1,3,1,0,0,0,0,0,1,3
"impliquer",4,1,2,1,6,0,0,0,0,1,1,3,2,1,1,1,2,2,1,0,1,1,1,2,4,0,1,0,5,0,2,0,2,0,0,7,0,0,1,4,2,1,1,3,1,1,0,2,0,1,0,2,0,3,2,2,3,1,0,0,0,0,2,1,0,1,1,1,1,1,1,2,2,0,0,0,3,2,1,1,0,4,0
"inciter",6,2,4,0,1,0,0,3,3,0,1,2,1,1,0,1,1,1,0,1,2,4,0,1,1,0,0,2,4,3,2,4,1,0,2,2,1,0,4,3,0,1,1,0,1,0,3,1,2,0,0,1,0,1,4,4,1,0,1,0,2,1,2,0,3,1,2,4,0,1,0,0,1,1,0,0,1,0,0,1,2,4,0
"inconnu",1,2,0,1,1,0,0,2,1,0,3,3,2,2,2,0,1,0,0,1,2,0,2,1,1,2,1,1,1,4,4,0,1,0,1,0,0,0,0,1,0,0,1,0,0,0,0,1,1,0,1,1,0,2,2,1,0,2,2,0,0,0,1,2,1,2,0,0,1,0,0,3,0,0,0,1,0,0,1,1,0,1,1
"individuel",2,1,2,0,2,0,1,0,0,0,2,1,0,0,0,0,1,1,1,1,2,0,0,3,1,0,0,1,2,2,1,2,0,0,0,1,1,2,0,1,1,0,0,1,0,0,0,1,0,2,1,1,1,4,0,0,0,3,1,0,1,0,2,3,1,1,0,3,0,0,0,1,0,0,0,0,2,0,0,2,0,1,2
"inférieur",2,0,0,2,3,1,1,1,1,1,0,0,0,1,0,0,0,1,2,4,2,4,0,3,6,1,2,0,2,1,2,3,2,0,0,0,0,1,0,1,0,1,0,0,1,1,0,2,0,2,0,1,0,3,1,0,0,0,0,1,1,1,0,0,1,1,2,1,1,1,0,3,2,0,1,1,0,0,0,0,0,0,1
"inspiration",1,2,0,2,0,0,2,3,1,0,0,0,1,0,0,0,1,0,0,1,0,3,1,2,2,0,0,3,2,1,3,2,0,0,3,0,0,0,1,4,0,2,0,0,0,0,0,1,0,1,0,0,2,2,1,0,1,1,0,4,0,2,0,0,2,0,6,4,1,0,0,1,0,1,0,0,1,0,3,2,0,1,1
"instituteur",5,2,1,1,0,0,0,1,0,0,1,0,1,0,0,1,1,2,2,0,1,0,2,2,0,3,4,3,1,1,1,0,0,1,0,0,0,3,0,2,3,2,0,2,0,0,0,2,1,0,0,2,0,2,0,0,0,2,0,1,0,0,2,1,1,3,0,1,4,1,4,1,0,1,0,0,1,0,0,1,0,5,0
"intégration",2,3,0,2,4,2,1,3,1,1,2,1,3,0,0,1,1,1,1,0,0,2,0,2,2,0,0,1,3,3,0,0,0,0,3,0,0,1,0,2,2,0,1,2,2,2,0,0,1,0,0,0,0,2,0,0,3,2,0,2,0,1,2,0,1,0,1,1,1,0,0,4,7,0,0,1,0,0,1,2,1,2,1
"intégrer",1,3,3,1,4,0,2,1,1,1,1,2,0,0,1,0,0,6,1,0,3,1,1,3,0,1,0,0,2,3,3,2,1,1,2,0,1,0,0,4,0,0,0,0,0,1,0,3,0,1,0,0,2,2,4,1,1,0,1,0,0,1,2,5,3,0,1,2,1,0,1,6,0,1,1,0,1,1,1,1,3,8,0
"intéressant",2,1,0,1,3,2,1,2,0,1,1,2,0,0,2,0,0,2,0,1,1,2,0,1,1,1,0,0,2,2,1,2,1,0,0,3,0,1,0,3,0,1,1,2,0,0,0,1,0,1,0,0,0,2,0,0,3,1,1,4,3,1,3,0,0,1,2,0,2,1,1,4,2,0,1,3,1,0,2,1,0,1,2
"intermédiaire",3,2,4,0,0,0,1,2,0,0,3,3,0,0,0,0,0,1,1,0,1,0,0,2,2,0,1,2,1,1,5,0,0,2,3,0,1,0,1,0,1,0,1,1,2,2,4,2,1,1,0,0,2,3,2,2,2,1,1,0,3,0,0,1,1,1,2,2,0,0,0,7,0,0,0,0,0,0,0,0,1,1,0
"interpréter",2,2,2,0,4,0,1,4,1,0,2,3,0,0,1,1,0,1,0,0,1,0,0,0,2,0,0,0,1,2,0,0,1,2,0,1,0,3,1,5,0,2,1,1,0,0,0,1,1,1,1,0,0,1,8,6,1,1,0,2,3,1,4,0,0,3,0,0,0,1,0,2,0,0,2,1,0,1,1,1,0,0,1
"inutile",1,3,2,2,2,1,0,3,2,3,2,0,1,1,0,1,0,0,0,1,4,0,1,0,0,0,0,0,7,1,2,3,2,0,0,0,0,0,1,3,1,1,0,1,0,0,0,2,1,0,1,1,0,0,2,2,1,0,0,3,1,4,1,1,1,1,2,1,1,0,0,2,2,0,0,0,0,1,0,0,0,2,0
"joie",2,1,0,0,2,0,1,1,0,1,0,1,1,2,0,4,1,0,0,1,1,0,0,0,4,0,0,0,3,1,1,3,4,0,0,0,0,0,2,0,0,0,2,4,0,0,1,1,1,0,0,1,1,7,3,3,0,0,4,2,0,2,4,0,0,0,3,0,2,1,0,0,0,2,1,0,2,0,0,0,1,0,0
"joindre",1,1,3,0,5,1,1,2,1,0,2,4,0,1,1,1,2,0,1,0,0,0,0,0,4,0,2,1,3,1,0,3,1,0,1,2,2,1,0,2,0,1,1,2,4,4,0,2,1,0,1,0,0,4,3,2,0,0,0,2,1,3,6,2,2,4,3,0,0,0,0,4,1,0,0,1,1,0,0,0,2,2,1
"justement",0,3,3,2,1,0,0,3,1,0,1,1,0,0,1,1,2,2,0,0,6,0,1,0,4,1,0,2,2,1,1,8,1,1,0,1,1,0,0,1,0,1,0,2,0,0,0,1,1,0,0,1,1,1,3,1,5,1,0,2,0,6,6,3,0,0,1,1,2,1,0,1,1,1,1,0,2,1,0,0,0,2,0
"kennedy",2,3,1,0,1,1,1,1,2,0,4,0,0,0,3,0,1,0,1,0,1,1,0,1,3,1,0,0,1,0,1,0,1,0,3,2,0,2,0,2,0,3,15,0,9,8,1,0,1,0,0,0,0,4,2,2,3,1,1,0,0,1,1,2,0,0,1,1,1,1,4,2,2,1,1,0,0,1,0,0,0,0,0
"laïc",1,2,0,1,0,2,0,1,0,0,2,0,3,0,5,1,2,0,0,1,2,0,0,2,0,0,0,1,3,0,0,0,0,0,1,1,0,0,0,11,0,1,1,4,0,0,0,0,5,0,2,0,0,0,0,0,0,0,0,0,0,0,0,1,1,1,0,0,0,0,0,3,0,0,0,0,1,0,0,1,0,0,0
"lancement",2,2,2,0,0,0,1,2,1,0,8,2,0,0,0,0,0,1,0,0,0,0,1,0,0,0,0,1,0,1,1,0,1,2,8,0,0,0,0,1,0,1,0,0,0,0,2,1,0,1,0,1,0,0,1,1,0,2,2,1,1,0,1,0,0,1,0,2,0,1,2,1,0,0,1,0,0,0,1,0,2,2,3
"légitime",6,3,2,3,5,2,2,5,4,1,2,0,1,1,1,0,0,1,0,1,3,1,3,2,5,0,0,0,5,0,1,1,4,0,0,0,1,0,1,3,0,2,1,1,0,0,0,2,0,1,0,0,0,0,2,2,3,0,0,3,1,0,2,0,3,1,4,2,3,1,1,3,1,0,2,1,0,0,1,0,2,2,3
"lévesque",1,1,1,1,6,1,0,5,3,0,2,11,1,2,4,0,2,1,0,0,1,0,0,3,2,0,1,0,1,3,2,0,0,2,1,0,0,0,1,4,1,0,1,0,1,1,1,3,0,0,0,1,1,1,0,0,5,1,0,0,0,0,4,0,0,1,0,0,0,0,1,0,7,0,0,6,0,1,10,3,0,4,1
"limite",3,0,3,0,0,1,1,2,1,0,1,1,1,0,1,0,1,0,1,3,1,0,2,0,1,1,0,3,6,0,0,0,3,0,1,0,0,1,2,1,0,0,0,1,1,3,1,0,2,0,1,1,0,1,2,0,2,0,1,1,1,2,6,1,0,1,0,1,0,1,1,3,1,0,0,0,1,1,1,1,1,1,0
"logement",3,0,1,5,1,0,0,0,0,0,3,1,1,1,1,2,2,0,0,0,1,1,3,3,1,2,4,0,1,1,0,1,0,0,0,0,0,1,0,1,4,1,1,0,0,0,1,0,4,0,0,0,0,4,0,0,2,6,3,0,0,0,0,1,0,0,2,0,2,1,2,0,0,0,0,0,0,1,0,2,1,0,0
"logique",1,2,3,2,1,0,0,0,0,0,1,1,0,0,0,3,0,4,0,1,1,0,0,0,7,0,0,0,3,0,1,3,2,1,1,0,0,1,0,2,0,2,0,2,1,0,1,0,0,2,0,1,0,3,3,2,2,0,0,0,1,1,2,2,1,4,0,0,1,0,0,0,0,0,1,0,0,2,0,0,0,3,0
"loisir",0,2,4,2,0,0,1,0,1,2,3,2,1,2,2,0,0,0,0,1,2,0,0,3,2,0,0,0,3,1,3,0,1,2,0,0,0,0,3,3,2,1,2,1,0,0,0,0,1,0,3,0,0,3,1,1,1,1,1,3,0,0,2,1,2,0,1,0,0,0,1,2,0,1,0,1,3,2,0,1,0,5,4
"malgache",2,1,1,0,2,2,1,0,3,4,0,16,2,3,3,0,0,1,0,0,0,4,1,8,1,1,0,1,2,0,0,0,0,0,0,6,0,1,2,0,2,5,4,0,4,0,0,0,1,0,1,0,0,1,6,0,0,1,4,0,1,2,1,0,0,0,1,0,0,1,0,9,0,2,0,0,0,0,0,0,3,2,2
"massif",3,2,0,1,3,1,0,3,2,0,0,1,0,0,3,2,1,1,0,1,1,2,1,1,3,1,3,1,5,2,2,2,0,1,3,0,0,0,1,1,0,0,1,0,0,1,1,1,2,0,1,0,0,4,3,1,0,0,1,1,1,1,1,1,0,0,2,0,1,1,2,4,0,0,0,3,1,1,3,0,0,0,0
"maximum",6,1,1,1,3,0,1,3,0,0,0,0,1,1,0,0,0,0,0,0,1,5,0,0,1,0,0,1,1,1,0,3,1,1,2,0,1,0,0,1,0,4,0,1,1,1,0,1,1,2,0,0,0,0,1,2,3,0,0,5,0,1,1,0,3,0,4,1,0,3,0,1,5,0,4,0,0,0,0,2,0,0,3
"mérite",1,1,2,2,2,0,1,1,3,0,2,0,2,0,0,1,0,0,0,0,0,0,0,2,6,1,0,1,5,0,2,0,0,1,3,0,0,0,1,2,2,0,3,0,0,0,0,0,4,1,1,1,0,5,4,2,2,0,1,3,2,2,4,2,1,0,2,1,0,0,1,1,2,1,1,0,0,0,1,1,0,0,0
"ministériel",3,3,1,0,4,0,0,0,0,0,6,9,2,1,0,0,0,0,1,0,0,3,1,1,0,0,0,3,0,2,0,1,1,5,0,2,0,1,1,5,2,0,3,0,0,0,1,0,3,3,1,0,0,0,2,1,2,2,4,1,2,0,3,2,0,1,2,0,1,0,2,2,1,1,2,3,0,0,3,0,0,2,1
"minoritaire",15,5,2,2,4,0,0,4,1,0,3,3,2,0,1,2,1,5,2,5,1,0,0,1,2,0,1,1,6,4,2,1,2,1,0,1,1,0,0,6,0,0,0,2,0,0,1,0,1,1,0,0,0,5,1,0,3,1,0,1,4,2,2,1,2,1,0,1,2,1,0,5,0,0,2,12,0,2,7,1,3,3,0
"minute",1,3,0,0,3,0,1,6,0,0,6,2,0,2,4,1,3,1,0,0,0,0,0,1,0,5,2,1,1,0,1,1,1,1,0,0,0,1,1,1,0,0,1,0,1,1,1,2,3,0,2,0,0,2,3,1,1,4,0,2,0,2,2,2,1,1,0,0,1,6,1,0,0,0,0,0,0,0,1,0,0,2,0
"montage",1,2,3,0,3,1,3,0,0,1,0,3,4,1,2,0,5,0,0,2,0,0,1,1,1,0,0,0,2,5,2,0,0,0,1,0,0,1,0,1,0,0,0,1,0,1,0,0,0,0,1,1,1,0,4,0,0,3,3,0,1,0,0,0,0,2,1,0,0,2,2,0,1,1,4,1,1,0,0,0,0,0,0
"motif",7,0,2,1,2,0,0,0,1,0,0,0,0,0,0,0,1,1,0,3,1,1,0,1,3,0,0,1,4,1,1,4,4,1,2,1,0,2,2,3,1,0,1,0,1,0,0,0,1,0,0,1,1,2,3,3,3,3,0,2,1,0,2,0,0,1,2,0,0,0,0,1,1,1,2,0,1,0,0,1,1,0,2
"néanmoins",8,3,2,0,2,0,0,1,0,0,0,1,0,1,0,1,0,1,0,1,0,0,0,2,3,1,0,1,0,3,1,2,3,1,0,1,0,1,0,2,1,1,1,0,0,1,0,3,1,1,0,0,2,2,1,0,0,1,1,0,1,0,3,1,1,2,0,0,1,1,1,0,0,0,1,0,0,0,2,1,1,0,1
"nécessairement",2,2,4,1,1,0,0,2,0,0,0,0,1,0,1,0,0,0,0,1,1,0,2,0,3,0,2,1,1,3,1,3,1,0,0,0,3,1,0,6,0,0,0,0,0,1,0,1,4,1,0,0,0,3,0,0,6,0,0,0,2,0,2,2,2,1,1,2,0,0,1,5,4,1,1,0,0,1,0,0,1,2,1
"négocier",7,1,1,1,4,1,1,0,0,0,1,0,1,1,2,0,0,0,1,3,1,4,0,0,2,0,1,0,5,5,0,3,0,1,2,1,0,0,0,2,0,1,2,0,1,1,1,1,0,1,1,0,0,0,1,0,2,0,0,3,2,0,2,0,0,0,3,2,0,0,0,3,1,0,0,0,0,2,4,1,0,0,2
"néo",1,3,0,1,1,0,0,1,1,0,4,2,2,1,1,0,1,1,2,0,2,0,1,1,1,0,0,1,1,0,0,4,1,0,1,0,1,1,0,4,0,0,1,2,1,1,0,2,0,2,0,1,0,1,3,0,2,2,2,2,0,1,3,1,2,0,2,1,1,0,1,2,1,1,0,4,3,2,3,2,0,2,1
"nettement",3,2,1,0,4,0,2,3,0,0,4,2,0,1,1,1,2,3,1,1,2,2,0,1,6,0,1,4,3,2,3,0,3,1,3,1,3,1,1,1,0,1,0,2,1,2,1,4,1,2,1,0,0,1,2,1,5,2,0,0,3,2,1,0,0,1,2,0,2,1,1,2,2,0,0,3,1,2,2,0,1,1,0
"nullement",2,2,4,0,3,1,1,2,0,1,2,2,1,1,2,1,0,1,0,1,3,1,1,0,2,1,0,1,1,2,3,1,1,1,0,1,3,0,0,1,1,2,0,1,0,0,2,1,1,1,1,1,0,2,3,0,2,1,1,1,3,3,1,0,2,0,0,0,0,0,0,3,0,0,0,0,0,1,0,0,1,1,0
"obligation",5,2,3,1,4,0,0,1,1,3,0,0,1,0,1,0,0,1,2,0,0,3,0,2,1,1,0,1,5,3,0,3,0,0,1,1,0,1,0,2,1,0,1,2,0,0,0,0,0,0,0,4,3,0,1,1,1,3,0,1,0,1,1,1,1,1,4,3,2,1,2,3,4,0,5,1,1,3,1,2,0,0,0
"orateur",7,0,3,0,2,0,0,1,2,1,3,3,2,0,3,1,0,3,0,0,2,3,0,0,3,0,0,2,2,0,1,4,1,0,0,1,3,0,1,1,1,1,2,4,0,1,0,0,1,1,0,0,1,6,2,2,2,1,0,1,0,1,3,0,0,1,2,2,0,0,0,2,0,0,0,0,1,0,1,0,2,2,0
"ordonnance",7,0,0,0,0,0,1,0,3,0,3,9,0,0,1,0,0,2,0,1,0,0,0,1,3,0,1,2,2,0,2,1,3,1,0,5,0,1,1,4,1,1,2,1,0,0,2,0,0,0,0,4,0,3,2,2,1,0,1,0,0,1,0,0,0,2,2,0,0,0,1,2,3,0,2,0,1,0,0,7,0,0,1
"orienter",1,1,4,2,2,0,0,1,1,1,2,3,0,0,1,0,0,1,1,0,1,1,1,1,3,0,0,3,0,0,0,3,0,0,1,0,0,0,1,0,0,0,1,1,2,2,1,2,1,1,2,0,1,3,0,0,3,0,0,0,1,0,1,1,1,1,3,2,1,1,0,3,6,0,1,1,0,0,1,3,1,3,0
"originalité",0,3,0,1,4,0,0,3,0,0,2,0,0,0,0,1,1,0,1,0,1,2,2,2,4,0,1,0,2,0,1,4,1,2,4,0,5,0,0,5,0,3,0,2,0,2,0,3,2,1,0,0,1,0,2,1,2,0,0,1,1,2,5,2,2,0,0,0,0,1,0,3,0,0,1,1,0,0,1,0,0,4,1
"palais",2,1,2,2,4,1,0,0,1,1,1,0,1,0,1,0,1,2,0,1,0,3,0,3,2,1,1,1,0,1,1,0,2,1,0,3,0,2,0,0,1,2,2,2,0,0,1,0,2,0,0,1,0,5,6,6,2,0,5,0,1,0,1,2,0,1,2,0,0,0,0,1,0,1,0,0,0,1,0,0,0,2,0
"pareil",0,0,1,2,0,0,1,2,0,0,2,0,2,0,0,1,1,1,0,0,4,1,0,0,3,1,1,0,4,0,3,3,0,0,0,1,0,1,0,2,0,0,1,3,0,0,0,0,1,0,1,0,0,1,2,1,0,1,0,4,1,2,2,2,0,2,2,1,2,2,0,3,0,1,0,0,1,0,0,0,0,1,0
"paysage",0,2,1,1,2,2,0,3,0,0,3,0,0,2,0,2,1,2,1,0,3,0,0,0,2,1,1,1,2,2,0,3,1,0,0,0,1,0,0,1,1,0,0,0,0,0,1,1,0,0,1,0,0,2,0,0,0,0,0,2,0,0,1,4,0,0,0,0,1,0,0,1,1,0,2,0,1,0,1,0,0,1,0
"paysan",0,1,2,2,1,0,0,0,1,0,3,1,1,0,0,0,0,2,0,1,4,1,0,3,0,0,0,0,3,1,2,1,2,1,0,0,0,1,0,2,0,4,0,2,1,1,1,0,2,0,2,1,1,0,2,0,2,0,0,1,0,1,3,1,1,0,0,1,0,2,0,0,2,0,0,1,1,1,1,0,2,0,0
"pédagogique",1,2,3,0,2,0,0,1,0,1,1,2,2,1,0,2,1,4,0,0,1,1,0,1,3,1,0,0,2,0,0,1,1,2,0,0,2,3,0,2,2,0,0,1,0,0,0,0,2,0,0,3,3,2,1,0,0,6,2,0,0,0,0,0,0,0,0,1,0,1,2,2,2,1,0,0,0,0,0,2,0,6,3
"peinture",0,1,1,1,2,0,0,3,0,0,3,1,1,1,0,0,2,0,1,0,1,0,0,0,2,1,0,0,4,2,1,2,1,0,0,0,0,0,0,2,0,1,0,2,1,1,1,1,2,0,2,1,2,2,0,0,0,1,1,1,0,0,1,2,0,0,0,1,6,0,1,0,2,1,0,0,1,0,0,0,0,1,1
"pendre",1,0,2,0,5,1,1,0,1,1,0,3,2,1,0,1,0,1,1,1,2,0,0,3,2,1,2,0,2,1,1,0,2,0,0,1,2,0,1,3,1,0,0,0,1,2,5,2,0,0,3,0,0,3,3,1,0,1,2,4,2,1,1,0,1,2,1,2,2,3,0,2,0,0,1,2,1,0,1,0,1,4,0
"pétrole",1,3,1,0,8,0,0,1,0,0,2,1,1,1,0,0,1,0,3,0,2,2,0,2,1,0,0,0,1,2,1,3,2,1,4,0,0,0,0,0,0,0,0,1,3,5,0,0,1,1,0,0,2,3,0,0,0,0,0,0,0,0,0,0,0,1,2,1,0,0,1,1,1,1,1,0,0,1,0,0,0,1,0
"peur",1,0,1,1,0,1,1,0,0,0,2,0,1,2,1,1,2,0,0,0,5,1,0,1,2,0,0,1,4,0,2,2,3,0,0,0,0,2,1,1,0,0,0,1,0,0,1,1,0,0,0,0,0,2,0,0,1,0,1,5,1,2,5,3,0,2,1,1,1,2,1,0,0,0,1,1,1,1,1,1,0,0,1
"physique",1,1,2,0,2,0,1,0,1,1,1,1,0,0,2,1,0,3,0,0,2,2,1,2,2,0,1,0,0,0,2,1,0,1,3,1,0,0,0,3,1,0,0,1,1,1,0,1,0,1,2,0,2,3,2,1,3,0,1,0,0,1,0,0,2,0,1,1,0,0,1,2,3,1,1,0,3,1,0,2,1,2,3
"poids",4,2,1,0,2,0,0,3,1,0,1,0,1,0,1,1,0,0,1,0,4,0,1,3,4,1,1,2,3,2,2,2,6,0,4,2,4,1,0,4,0,1,0,1,1,1,0,0,0,1,1,0,2,2,1,0,5,2,1,1,4,2,7,7,3,0,1,1,1,1,1,5,3,0,0,2,2,1,0,1,1,0,0
"pointe",0,1,4,1,1,0,0,0,2,0,1,2,1,0,1,2,3,1,0,2,5,0,5,0,0,0,1,2,6,1,2,4,0,0,1,2,0,1,0,3,0,0,2,0,0,0,0,1,2,1,0,0,0,1,2,2,1,1,0,0,1,0,2,2,2,1,2,1,1,1,0,4,1,0,0,0,0,0,0,0,2,2,0
"pont",0,4,3,0,2,8,0,1,0,2,2,1,2,0,1,0,4,1,1,2,1,0,1,0,1,4,0,1,2,3,1,0,1,1,6,0,0,2,0,1,1,0,1,1,1,1,0,1,0,0,0,0,1,0,0,0,1,0,0,1,1,1,0,1,0,0,0,3,1,1,0,2,0,1,1,0,0,1,0,0,0,1,0
"pratiquement",1,0,5,2,2,1,1,2,0,0,2,2,1,0,1,0,1,2,1,1,0,1,1,1,1,1,1,0,2,1,3,0,0,1,0,0,0,2,1,1,0,2,0,0,2,3,1,1,1,0,0,2,0,3,1,1,0,3,0,2,3,0,2,0,0,0,2,1,0,1,0,8,0,1,1,1,0,2,1,0,0,1,0
"préalable",2,1,2,1,2,0,2,1,1,1,1,2,0,0,0,1,0,0,1,1,1,2,1,2,1,0,0,0,0,1,0,2,1,2,1,2,1,0,1,5,2,1,1,1,1,1,0,1,0,1,0,2,0,2,1,1,3,0,0,0,1,1,1,0,0,1,0,0,0,1,0,1,1,0,1,0,1,0,0,2,0,0,1
"préférence",3,5,4,1,3,0,0,3,1,1,0,0,1,1,1,1,0,1,1,0,1,3,0,2,1,0,0,0,3,5,2,3,3,3,4,1,0,0,0,3,0,1,0,0,3,3,0,0,1,0,1,2,1,2,1,1,6,0,0,0,1,0,1,2,1,2,3,0,0,0,1,3,0,1,0,0,2,1,1,0,0,2,0
"préoccupation",1,0,1,0,1,0,1,2,1,0,1,3,2,1,2,0,0,0,0,2,1,2,1,4,3,0,0,1,3,0,0,4,0,2,1,1,0,0,2,5,0,3,2,3,1,1,3,3,3,1,1,0,0,4,2,3,1,2,2,0,1,1,3,2,2,0,3,1,0,0,0,1,2,0,0,2,0,0,3,0,2,4,1
"préparation",2,2,7,0,1,0,0,0,0,0,2,2,0,2,0,1,0,0,0,0,0,1,1,0,0,0,1,1,1,0,1,2,2,2,3,3,0,3,0,4,2,1,1,0,2,2,2,2,1,0,2,1,0,4,1,1,3,3,2,0,0,0,0,0,0,0,0,0,0,0,3,2,0,0,0,0,2,1,0,0,0,2,1
"prêtre",0,5,0,2,1,3,1,1,0,0,1,0,0,0,1,0,3,0,0,1,2,0,1,0,0,1,2,3,0,0,0,2,0,1,1,0,0,1,0,1,1,0,1,2,0,0,1,2,1,0,1,0,2,2,0,0,2,1,0,2,0,1,0,1,0,1,0,0,3,1,1,2,0,2,1,1,6,1,2,0,1,0,0
"principalement",6,0,1,0,3,0,0,2,2,0,2,1,0,0,1,0,1,1,3,4,2,1,0,0,3,2,2,2,4,6,0,2,0,0,3,2,2,0,1,3,0,1,2,0,1,2,0,1,3,1,0,1,1,5,3,2,3,2,0,2,1,1,2,0,0,1,0,1,0,0,2,2,4,0,1,1,1,1,0,4,0,0,2
"profession",1,3,1,2,3,0,0,2,0,1,1,4,2,0,0,6,1,0,0,1,1,2,0,0,4,0,2,0,4,0,1,1,2,2,0,1,0,1,1,0,0,1,0,1,2,2,1,1,1,0,2,1,0,1,1,1,3,1,1,2,0,1,2,2,3,0,3,0,1,1,2,0,0,0,2,5,0,0,0,1,3,0,1
"promesse",5,1,2,1,5,3,1,4,1,0,1,2,1,0,0,2,0,0,0,1,3,0,1,2,3,0,0,2,1,1,2,2,0,0,0,0,1,2,0,3,2,5,1,1,0,0,1,1,0,1,0,1,1,4,2,2,2,1,1,0,2,0,2,2,0,2,1,1,2,1,0,4,3,0,0,1,1,1,0,0,0,3,0
"promettre",5,5,2,1,2,0,0,0,0,1,0,1,0,0,0,0,2,0,0,0,1,0,0,2,0,0,0,0,3,5,1,1,2,3,2,1,1,0,0,4,0,1,0,1,1,1,0,0,0,1,0,2,0,1,3,1,0,2,0,0,4,1,4,1,0,2,0,0,1,1,0,1,3,1,0,3,0,1,2,1,1,2,2
"propriété",3,1,0,0,0,2,0,3,2,0,1,0,3,0,0,0,0,0,0,2,2,1,1,2,5,1,0,3,2,2,0,2,2,2,2,0,0,0,1,1,0,0,0,0,1,1,0,0,1,3,2,2,0,2,1,0,3,0,2,0,1,2,0,1,1,0,1,3,1,1,0,4,0,1,2,0,1,1,0,0,0,1,0
"protection",2,3,0,0,3,1,1,2,3,0,1,1,1,0,1,0,0,1,0,2,1,0,0,0,6,1,0,2,6,1,1,1,0,1,3,0,2,0,1,4,0,1,1,0,2,2,1,3,1,0,0,0,1,0,0,0,2,0,0,0,0,0,3,2,0,1,2,1,0,0,0,1,1,0,0,0,0,3,0,1,1,2,2
"provenir",8,1,0,1,5,0,0,1,0,1,2,0,2,1,0,2,0,0,0,0,2,0,0,1,5,0,0,1,4,1,0,1,0,3,1,1,0,0,2,2,0,0,0,3,5,6,1,3,0,0,1,0,2,3,1,0,2,2,0,1,1,1,1,1,1,1,5,1,0,1,0,5,0,0,2,0,0,0,1,2,2,1,0
"quasi",1,3,3,0,5,1,1,1,1,0,2,0,0,0,0,1,1,1,0,1,1,1,1,1,3,0,2,3,4,1,1,1,2,0,2,2,0,1,1,3,1,0,1,1,0,0,2,2,2,1,0,0,1,1,4,5,4,1,1,1,0,3,2,0,1,3,1,2,2,0,0,2,0,0,2,0,0,1,1,0,2,2,1
"quatorze",1,5,1,2,0,1,2,2,0,0,3,0,0,2,2,1,1,0,1,2,1,1,2,1,2,3,7,1,2,0,0,0,0,0,1,1,1,1,1,2,0,0,1,1,2,1,0,2,1,2,0,0,2,0,1,0,1,4,1,0,0,0,0,0,0,0,0,1,0,2,0,5,0,0,0,2,0,1,0,0,1,2,1
"quelconque",5,0,2,1,2,0,1,3,1,0,1,1,1,1,2,0,0,1,0,1,0,5,1,1,4,0,1,0,1,0,3,5,3,1,2,4,0,0,2,4,0,1,0,2,3,3,1,0,1,2,1,0,1,1,1,1,6,1,0,2,0,3,2,1,1,1,3,3,2,1,0,4,1,1,0,0,0,1,1,0,1,0,2
"rapporter",1,1,2,1,2,0,0,0,1,0,0,0,1,0,1,1,1,1,0,0,2,0,2,1,2,0,1,0,1,2,1,4,0,0,0,0,0,2,0,1,0,0,0,1,0,0,0,0,1,0,1,0,2,2,4,2,0,1,0,5,1,0,3,2,0,1,1,0,1,0,1,1,0,2,0,0,1,1,0,0,0,1,0
"rapprochement",9,0,13,0,5,0,3,1,0,1,4,2,0,2,3,0,0,3,0,1,1,1,0,0,5,0,0,1,1,0,0,0,0,0,0,0,0,0,0,1,0,1,2,3,2,0,0,0,2,5,3,1,0,2,1,2,8,0,3,0,3,0,0,1,0,0,2,0,1,0,1,4,1,0,1,0,1,1,1,0,2,6,3
"rayonnement",5,2,8,1,2,1,0,2,0,0,3,1,0,2,2,3,3,11,0,0,3,2,0,0,4,0,0,2,2,2,0,3,3,0,0,4,1,1,0,2,1,0,3,2,0,0,1,1,1,1,1,0,2,5,0,0,4,0,2,0,0,0,2,0,1,1,7,4,0,0,0,8,5,1,1,0,0,1,0,2,5,3,7
"recommander",5,1,2,0,2,1,0,3,2,1,1,1,0,1,0,1,2,2,0,0,0,2,0,1,4,3,0,2,6,3,0,2,1,0,0,0,1,1,1,1,0,1,2,0,0,0,0,0,0,3,0,4,1,0,2,0,1,0,0,2,1,2,0,1,1,0,0,1,0,0,1,2,1,1,0,0,0,1,1,1,0,1,2
"redouter",3,1,2,1,3,0,0,3,1,0,3,1,2,0,3,3,1,0,1,2,5,0,1,0,2,2,1,2,0,2,2,1,5,2,0,1,0,0,0,3,1,1,1,0,1,1,1,2,1,2,2,1,0,2,3,1,4,1,1,0,3,0,3,2,1,2,1,0,1,1,0,5,2,0,1,2,0,0,4,2,0,1,1
"regard",0,0,4,1,1,2,0,2,1,1,2,2,0,0,2,1,0,1,2,0,2,0,0,1,2,0,1,1,4,2,2,2,1,1,1,0,0,1,1,1,1,0,0,2,0,0,0,0,0,1,1,1,0,2,3,0,1,2,2,1,1,1,5,1,1,1,1,0,1,0,0,3,0,0,0,0,1,1,0,1,2,0,0
"relier",3,2,2,1,2,8,0,2,0,1,1,1,3,2,0,0,5,2,1,0,0,1,2,0,1,0,1,1,4,1,2,0,0,0,0,0,0,1,0,1,1,1,1,2,1,1,0,1,0,1,0,1,0,2,0,0,0,2,2,0,0,0,1,1,1,0,2,1,0,1,1,2,1,0,0,0,0,1,1,0,0,1,2
"remonter",0,0,5,1,3,12,0,1,1,2,4,2,2,3,3,1,2,0,1,0,1,2,0,1,6,1,1,1,1,1,1,1,0,1,2,2,2,5,1,0,0,0,0,4,0,0,0,0,0,0,3,0,2,1,5,5,1,1,1,0,0,1,3,0,0,2,1,2,1,1,2,3,2,0,1,1,0,0,0,0,1,1,0
"remplir",2,2,2,2,2,0,1,4,1,0,2,0,1,1,0,1,1,1,0,0,2,2,0,1,2,0,1,2,3,1,3,3,2,1,0,0,0,0,0,3,1,3,1,0,1,0,1,0,2,0,1,0,1,1,1,0,3,1,0,2,0,0,3,0,4,0,1,0,1,0,0,3,0,0,6,0,0,0,0,1,1,1,0
"rentrer",4,3,8,0,3,1,1,1,1,2,1,1,1,0,0,0,1,0,1,0,0,1,1,0,1,0,0,2,1,1,1,3,3,0,2,0,0,1,1,0,0,0,3,1,0,1,1,1,0,1,0,1,1,2,6,4,1,0,4,1,7,2,7,0,0,2,2,0,1,0,0,1,0,2,0,0,1,0,0,0,0,1,0
"reposer",2,3,1,2,7,0,0,3,1,0,2,1,1,0,2,1,0,1,0,0,3,0,1,0,5,0,1,1,5,3,0,1,0,2,1,0,1,1,0,3,0,2,0,0,0,1,0,4,2,2,1,0,1,3,1,0,1,0,1,1,2,0,0,2,0,1,1,2,1,1,1,1,3,0,1,0,0,1,1,2,0,0,3
"résider",1,1,2,1,1,3,1,0,1,0,2,0,0,0,0,1,2,0,1,0,0,0,2,1,0,0,0,0,3,1,1,1,3,2,0,0,1,0,1,3,2,0,1,0,2,2,1,3,2,1,1,0,1,4,5,1,3,1,3,2,1,0,4,3,3,1,1,0,0,0,0,4,3,0,0,0,2,0,2,2,3,2,0
"résister",3,3,0,1,6,0,0,2,0,1,1,1,0,1,2,0,1,2,1,0,3,0,0,2,3,0,1,1,2,3,3,3,1,0,6,1,4,1,0,2,0,0,0,1,3,4,0,2,0,1,1,1,0,1,0,1,1,0,2,1,3,3,4,3,2,0,3,0,0,0,0,1,1,0,1,1,1,2,0,1,0,1,3
"résulter",0,3,2,0,2,1,1,1,5,0,1,0,0,0,0,0,0,2,3,0,1,1,2,0,4,0,2,0,3,2,1,3,1,1,2,0,0,1,0,4,1,1,0,3,0,3,1,0,3,0,0,0,0,2,1,1,3,0,0,0,1,0,4,2,2,0,0,0,0,0,1,5,7,0,1,0,1,2,1,3,1,1,2
"retraite",1,3,0,0,1,0,1,3,1,2,5,4,1,0,1,1,0,0,0,1,2,0,1,2,1,2,0,5,1,2,1,0,2,1,1,0,0,1,1,6,1,0,0,0,0,0,1,0,1,3,1,0,1,2,3,1,4,1,0,0,2,0,2,1,0,1,1,2,1,1,0,2,1,0,2,1,0,1,2,3,0,0,0
"rompre",2,2,6,1,3,1,1,1,1,1,5,4,1,0,2,2,0,0,0,1,1,0,1,0,4,0,0,1,3,2,1,2,2,0,0,1,3,0,1,1,0,0,0,1,3,3,1,0,1,1,1,0,0,1,3,3,4,2,5,1,2,1,1,0,4,4,0,0,0,0,3,0,2,2,0,1,0,2,2,1,1,0,0
"rythme",1,2,2,0,0,0,0,1,0,0,2,2,1,2,1,1,2,0,3,1,1,0,0,1,1,1,1,1,3,0,3,2,1,1,2,0,1,1,0,2,2,1,0,0,1,0,0,0,0,1,2,1,1,1,1,1,1,3,0,1,0,1,0,1,0,0,1,0,0,1,0,2,1,0,0,1,1,0,0,0,0,1,0
"sainte",1,0,0,0,0,4,0,0,0,1,2,0,0,1,3,1,7,1,0,1,0,1,0,0,2,0,1,1,0,1,1,1,0,0,0,0,0,0,0,0,1,1,1,3,0,1,0,0,0,1,2,1,2,4,0,0,1,3,0,2,0,0,1,1,0,1,5,0,0,2,0,0,0,2,0,0,4,2,0,0,0,0,0
"saskatchewan",2,5,1,0,5,0,2,2,1,0,2,2,3,0,1,1,1,1,0,0,1,1,1,1,3,0,0,1,2,12,0,1,1,3,0,0,0,0,1,1,0,0,0,1,1,2,1,1,1,2,1,1,0,0,1,0,0,2,1,0,2,0,0,1,0,1,0,2,2,1,1,0,0,0,1,2,0,1,1,0,3,0,2
"séance",0,4,3,0,2,0,0,0,1,0,7,12,1,0,2,1,0,3,0,0,1,3,2,1,0,3,1,3,0,2,0,0,1,0,0,4,0,7,2,2,12,6,2,0,0,0,0,0,3,0,0,0,1,3,2,0,0,1,3,0,0,0,2,1,0,1,0,0,0,0,4,1,0,1,0,0,0,0,1,1,1,1,2
"seize",1,1,4,1,1,3,0,0,1,0,2,1,1,4,4,0,0,0,2,1,0,1,0,2,5,4,6,0,3,1,0,2,1,1,0,0,0,0,0,1,0,1,0,1,0,0,2,1,0,0,0,0,0,1,2,0,0,1,0,0,0,1,1,2,3,2,0,1,1,6,0,3,0,0,0,1,1,2,2,0,1,0,0
"sien",2,4,1,1,2,0,1,3,0,0,1,2,1,0,0,1,0,4,0,0,5,1,0,1,2,0,0,0,1,1,0,1,1,0,0,1,2,0,0,1,1,1,1,0,0,0,0,1,1,1,2,1,1,3,4,4,4,0,0,2,1,0,3,3,1,0,1,1,4,0,0,4,2,1,1,1,2,0,3,2,0,1,1
"signature",5,3,5,0,0,0,0,0,0,0,3,6,0,0,1,0,0,0,0,0,0,2,0,1,1,2,0,0,1,1,1,1,3,1,1,2,1,0,0,2,1,0,3,0,2,1,1,0,0,2,0,2,1,0,2,1,0,2,2,0,6,0,0,0,1,2,4,3,1,1,1,0,1,2,0,1,0,1,0,1,0,4,9
"signe",1,1,2,0,2,0,1,1,0,1,4,1,1,2,1,0,2,3,0,0,1,0,1,0,6,1,1,2,2,2,2,6,1,0,0,0,0,0,0,0,0,1,1,2,1,1,0,0,0,2,4,0,1,3,2,1,0,1,1,1,0,0,4,0,1,2,1,4,2,0,2,2,0,0,0,0,2,0,0,0,0,0,0
"significatif",0,3,2,1,1,0,0,2,0,1,5,0,1,2,2,1,2,1,0,0,2,0,1,1,1,1,1,1,2,0,1,2,5,0,1,1,0,0,0,0,1,1,0,0,0,0,1,0,3,0,0,0,3,3,2,0,0,0,2,4,0,3,1,2,4,2,0,3,1,0,1,4,3,1,1,0,0,0,0,1,0,2,1
"signification",1,0,1,0,1,1,1,2,1,0,0,1,3,1,1,1,1,1,0,1,0,0,0,0,6,0,0,2,3,0,1,4,2,0,0,0,0,1,0,3,0,1,0,2,0,0,0,0,1,0,1,0,0,2,5,3,5,0,0,1,1,4,3,2,2,1,1,3,0,0,1,0,1,1,0,0,0,0,0,0,0,0,3
"solide",1,2,0,0,3,0,0,2,3,1,3,0,2,1,0,1,0,4,0,1,3,1,1,1,4,0,0,0,2,1,3,3,1,0,1,1,1,0,0,0,0,2,0,2,0,0,0,1,1,1,4,0,0,3,2,1,3,0,2,2,2,1,4,2,2,2,2,1,0,0,0,2,0,0,2,2,1,2,2,1,1,0,0
"soucieux",6,2,2,0,0,1,0,1,0,0,2,5,1,0,1,2,0,1,0,1,0,3,1,1,3,0,1,1,0,2,1,1,5,2,0,1,1,0,3,1,0,1,0,2,1,0,2,2,0,2,1,0,1,5,2,1,1,1,1,0,6,1,2,2,2,1,0,0,0,0,2,4,2,1,0,1,0,1,2,1,2,1,0
"spécialiser",3,1,3,0,0,0,0,3,1,0,4,2,2,1,2,0,0,1,0,0,0,1,0,2,4,2,1,2,0,5,1,0,0,1,0,1,1,0,0,3,3,0,0,0,3,3,1,0,2,1,1,0,0,2,2,1,3,2,0,0,2,0,0,1,2,1,1,2,2,1,0,2,0,0,1,0,1,3,1,0,1,3,2
"spectacle",0,4,0,0,2,0,0,1,2,0,0,1,0,2,0,2,1,0,2,0,3,0,1,1,2,0,0,0,2,0,2,3,5,0,0,1,0,1,0,3,0,0,0,3,1,1,0,2,0,0,2,0,0,4,1,0,5,2,0,0,0,0,2,4,1,0,2,0,3,1,2,4,0,1,1,0,2,1,1,1,2,2,1
"station",2,6,0,0,1,5,0,1,0,0,1,3,0,1,2,0,3,1,2,0,0,1,0,0,2,0,2,1,2,0,0,2,1,0,0,0,1,1,0,1,1,0,0,3,0,0,0,2,0,0,1,0,1,1,0,0,0,1,1,0,0,1,1,2,0,0,2,0,2,3,1,0,0,5,0,0,1,1,0,0,1,0,2
"substance",4,0,0,1,5,1,8,3,4,1,3,1,0,0,0,1,1,1,1,0,11,0,0,2,0,1,0,0,4,0,4,3,0,0,0,0,1,0,1,3,0,2,1,1,1,2,0,1,0,5,1,1,1,2,1,0,3,0,1,3,4,1,5,3,0,1,2,1,0,0,0,4,3,0,3,0,0,1,2,1,2,2,3
"succéder",1,2,1,1,5,0,1,4,2,1,6,4,3,1,0,0,0,0,0,0,0,0,0,2,1,1,1,1,0,1,2,2,0,1,0,0,0,2,3,1,0,0,4,1,0,1,1,1,0,0,0,1,2,1,5,1,1,1,4,2,1,2,13,1,1,3,0,1,0,1,0,1,0,3,0,5,0,0,4,0,1,0,0
"supporter",3,0,2,0,0,1,2,3,2,0,1,1,2,0,0,1,1,0,1,0,2,0,1,2,3,1,0,0,0,1,1,1,1,0,0,1,2,0,1,2,0,0,1,1,0,0,2,0,0,2,1,0,1,3,2,1,2,0,0,1,0,1,3,2,1,0,0,1,1,0,1,2,0,0,0,0,1,2,1,2,1,0,0
"supprimer",1,1,1,0,2,1,4,2,1,0,1,1,0,1,2,0,2,1,0,1,2,2,0,1,2,0,1,2,3,0,0,2,0,0,1,0,0,1,0,4,0,0,1,1,1,1,1,1,2,0,1,1,1,0,0,0,2,2,2,2,2,0,2,1,0,0,2,1,1,0,0,2,2,1,1,1,1,0,0,0,0,1,0
"suprême",5,0,0,0,4,0,2,2,3,2,4,3,0,1,1,0,0,3,0,1,1,0,2,1,1,0,0,3,3,4,1,2,1,0,1,0,0,20,1,1,3,1,1,2,0,1,3,1,0,4,0,2,1,0,0,0,2,1,0,0,3,0,1,3,1,0,0,0,0,0,0,1,3,0,0,0,0,0,1,0,0,0,1
"surgir",0,3,1,1,0,4,2,2,1,1,0,0,1,0,2,0,1,0,1,3,1,0,1,0,3,1,1,1,1,0,2,2,0,0,1,1,1,1,2,2,1,1,0,1,0,0,0,0,2,0,1,1,1,2,1,0,3,1,1,1,1,2,0,1,2,0,1,2,1,0,0,5,1,0,0,0,0,0,0,1,0,0,0
"talent",1,0,4,1,3,0,1,5,2,1,1,1,1,1,0,2,2,1,1,0,2,0,2,0,3,0,0,1,7,1,1,2,2,0,0,0,0,0,0,4,0,1,0,2,0,0,0,0,2,0,2,1,0,5,0,1,3,0,3,0,1,1,3,1,2,0,3,0,5,0,1,3,1,1,1,0,1,2,0,0,0,1,0
"tarif",1,1,3,0,3,0,1,3,0,1,4,1,0,1,3,2,0,0,0,2,4,2,3,3,1,1,0,2,4,1,1,1,0,0,1,0,0,0,0,0,0,1,0,0,2,1,1,0,0,1,1,1,0,0,1,0,1,6,1,1,1,0,1,0,0,1,6,5,1,1,0,5,2,0,0,1,1,0,1,3,0,0,0
"tort",4,0,2,2,4,1,2,5,1,1,4,1,0,1,0,0,0,0,0,0,3,1,1,3,2,0,0,3,4,1,0,2,4,0,0,1,0,0,1,3,0,0,0,0,1,0,3,2,1,2,2,1,2,2,2,2,2,1,1,2,0,1,3,1,1,1,1,2,2,1,1,1,0,1,0,2,1,1,1,2,1,1,1
"totalement",1,0,4,0,3,2,0,1,1,0,5,0,1,1,2,1,2,1,0,0,3,1,2,0,4,0,0,1,3,1,4,2,2,1,0,0,0,0,0,5,0,0,0,4,1,1,0,0,0,0,1,0,2,3,0,0,2,1,0,1,0,1,2,1,4,1,2,6,0,0,1,2,1,1,1,1,1,0,1,0,2,1,1
"totalité",2,2,4,0,1,1,0,1,0,1,2,1,0,0,0,0,0,1,2,1,0,1,0,1,3,1,0,0,3,1,1,0,0,0,0,1,0,1,0,2,2,0,0,0,1,1,1,2,0,2,0,0,0,2,2,2,4,0,0,0,0,1,3,1,1,2,0,0,0,0,0,6,0,0,2,0,1,1,2,2,0,1,0
"tromper",2,1,2,1,2,2,0,1,1,0,2,1,0,0,0,3,1,1,0,0,3,3,0,1,5,0,1,0,3,1,3,3,0,0,0,1,2,0,2,1,1,0,2,1,0,0,0,6,1,1,1,1,1,2,3,2,3,0,1,4,2,0,2,5,3,3,1,0,4,0,0,0,0,1,0,0,0,1,0,0,1,0,0
"tuer",0,2,1,0,0,3,1,2,0,0,1,1,1,2,1,0,2,0,0,0,2,0,3,0,2,1,1,0,7,2,1,2,1,0,0,0,0,2,1,0,0,0,0,0,0,0,2,0,1,0,0,0,1,0,2,1,0,1,0,2,0,1,3,4,0,2,2,0,1,1,2,1,0,0,0,0,5,1,0,0,0,1,0
"tunisie",4,1,3,0,8,0,1,1,1,3,3,1,1,1,2,0,1,0,4,0,1,1,1,1,3,1,1,2,3,0,2,3,2,3,0,2,0,0,1,1,1,0,1,1,1,0,1,0,2,1,1,2,1,1,3,0,2,3,1,0,2,1,1,0,0,4,2,2,0,1,1,9,3,1,1,1,0,1,0,0,2,0,2
"vacance",0,1,4,0,0,1,0,1,0,0,0,1,1,1,0,0,1,0,2,0,1,2,3,5,2,0,2,2,0,2,1,0,0,1,1,0,0,2,0,0,0,2,1,0,0,0,2,0,1,0,0,0,0,3,3,1,1,1,1,0,1,1,2,0,1,1,0,1,0,2,0,4,0,0,0,0,4,0,0,0,0,3,4
"venu",4,4,2,0,2,1,2,5,0,0,3,5,1,1,3,2,1,0,2,1,1,1,1,3,1,0,1,2,3,1,2,1,0,0,0,0,0,2,1,3,0,0,2,1,0,0,0,0,1,1,0,0,0,0,3,1,2,3,4,1,0,1,3,0,0,0,1,0,1,1,2,2,0,3,1,1,1,1,1,1,1,4,1
"victime",3,0,2,1,1,1,1,3,0,0,5,3,0,0,3,1,1,1,1,1,1,1,0,0,2,0,0,2,2,2,2,1,0,0,0,0,0,1,1,2,3,0,0,1,0,1,0,0,2,2,1,0,2,2,1,1,3,1,1,2,0,0,3,1,1,0,0,3,0,1,0,2,0,1,1,1,1,1,1,1,4,0,1
"vision",0,2,4,1,1,2,0,2,1,0,2,0,1,0,0,1,0,0,0,1,0,0,1,0,5,0,0,4,1,0,2,1,1,0,1,0,0,0,2,0,0,0,1,4,0,1,0,0,0,0,2,0,1,2,3,1,2,1,0,2,0,0,1,2,0,3,0,1,0,0,0,1,0,1,0,0,2,0,0,1,1,0,3
"vive",2,0,5,0,7,0,0,2,1,0,0,2,0,1,1,0,4,0,1,0,1,0,0,0,1,0,0,1,4,1,1,0,1,0,0,1,1,1,3,1,0,2,2,0,0,0,1,0,1,1,0,1,0,1,8,8,0,0,3,2,3,0,2,3,2,1,0,0,1,0,1,2,0,1,0,0,0,1,0,0,0,2,1
"voire",3,1,2,0,3,2,1,4,0,0,1,2,2,3,3,0,1,1,0,0,1,0,2,0,7,0,0,2,4,1,0,2,0,0,2,1,1,0,0,1,2,0,0,0,0,0,1,1,1,0,0,0,0,1,2,1,3,0,0,1,2,0,1,1,1,2,3,1,1,0,3,3,3,0,1,0,0,0,1,1,2,0,4
